test5	-	/home/jipthevip/mediaTool/images/test5.jpg	-
theScream	-	/home/jipthevip/mediaTool/images/theScream.jpg	-
mountain	-	/home/jipthevip/mediaTool/images/mountain.jpeg	-
test3	-	/home/jipthevip/mediaTool/images/test3.png	-
test2	-	/home/jipthevip/mediaTool/images/test2.jpeg	-
test4	-	/home/jipthevip/mediaTool/images/test4.png	-
python	-	/home/jipthevip/mediaTool/images/python.png	-
starrynight	-	/home/jipthevip/mediaTool/images/starrynight.jpg	-
test1	-	/home/jipthevip/mediaTool/images/test1.png	-
monalisa	-	/home/jipthevip/mediaTool/images/monalisa.jpg	-

